{"count":1,"self":944.17510399999992,"total":960.39032,"children":{"InitializeActuators":{"count":3,"self":0.00098669999999999986,"total":0.00098669999999999986,"children":null},"InitializeSensors":{"count":3,"self":0.0020003,"total":0.0020003,"children":null},"AgentSendState":{"count":45865,"self":0.1610567,"total":0.62727709999999992,"children":{"CollectObservations":{"count":10653,"self":0.3755134,"total":0.3755134,"children":null},"WriteActionMask":{"count":10653,"self":0.0112436,"total":0.0112436,"children":null},"RequestDecision":{"count":10653,"self":0.07946339999999999,"total":0.07946339999999999,"children":null}}},"DecideAction":{"count":45865,"self":15.469433599999999,"total":15.469433299999999,"children":null},"AgentAct":{"count":45865,"self":0.11553179999999999,"total":0.11553179999999999,"children":null}},"gauges":{"ArcadeDriver.CumulativeReward":{"count":951,"max":96.79426,"min":-10.0363083,"runningAverage":-3.8697648,"value":-2.02084684,"weightedAverage":-2.24616718}},"metadata":{"timer_format_version":"0.1.0","start_time_seconds":"1703754231","unity_version":"2022.3.13f1c1","command_line_arguments":"C:\\Unity\\2022.3.13f1c1\\Editor\\Unity.exe -projectpath C:\\TaijiRepository\\CodingLeague\\Karting League -useHub -hubIPC -cloudEnvironment production -licensingIpc LicenseClient-XLin24 -hubSessionId 9cd26f60-a544-11ee-95de-ff91a04934fb -accessToken aQ9Z3rkZOE_9xGKF3rWwFAE6-KZdAvpnEyxJW7MDVmM01ef","communication_protocol_version":"1.5.0","com.unity.ml-agents_version":"2.0.1","scene_name":"MainScene_scored","end_time_seconds":"1703755192"}}